"Estación","ACCESS1-0.r","ACCESS1-0.RMSE","ACCESS1-0.MAE","ACCESS1-0.BIAS","HadGEM2-ES.r","HadGEM2-ES.RMSE","HadGEM2-ES.MAE","HadGEM2-ES.BIAS","MPI-ESM-LR.r","MPI-ESM-LR.RMSE","MPI-ESM-LR.MAE","MPI-ESM-LR.BIAS"
"JAUJA",0.390024677695315,3.12417635506379,1.85092729658393,0.257914221805294,0.403501512937632,3.00470834094967,1.80085455475961,0.257914149880004,0.38217638242979,3.17148754525357,1.85388308772526,0.25791406758851
"OYON",0.406964258342249,2.78234609384487,1.59181400833542,0.252149583276866,0.406938287406245,2.78192336018916,1.60681776342049,0.252149713632115,0.411418356990512,2.81837271099308,1.60869596842165,0.252149729807964
"PICOY",0.381994296573161,2.8664806623917,1.54402405458178,1.04888935271819,0.37542552111108,2.78017407477048,1.53946330040887,1.04888931063725,0.395519018365374,2.86571067496251,1.52470612249028,1.04888929521636
"MATUCANA",0.308531489664978,2.07441018789042,1.06986507755103,-0.0355125218888373,0.322464051737511,1.96554037634655,1.04485881181934,-0.0355125289315292,0.292630237001818,2.09604483388272,1.08338460389024,-0.0355125163792101
"TARMA",0.235987634385472,2.33672991544621,1.33762277607196,0.30911787485479,0.250781128039894,2.23189947440009,1.30365116925522,0.309117854499253,0.231974808562851,2.35677815234747,1.34186799001064,0.309117805675766
"HUAYAO",0.326171579001203,3.6711562359303,2.20810820611035,0.191502619328433,0.337640223359929,3.70359730169373,2.21071072759314,0.1915026021257,0.321901308974323,3.70177506473217,2.24135102754244,0.191502633047444
"PILCHACA",0.215062610702706,3.99364210103344,2.23588961114567,-0.504565003486579,0.223901178109819,4.00140932579096,2.229858546971,-0.504565003756142,0.208286334513945,4.02910004479991,2.25640624743068,-0.504564991351676
