"Estación","ACCESS1-0.r","ACCESS1-0.RMSE","ACCESS1-0.MAE","ACCESS1-0.BIAS","HadGEM2-ES.r","HadGEM2-ES.RMSE","HadGEM2-ES.MAE","HadGEM2-ES.BIAS","MPI-ESM-LR.r","MPI-ESM-LR.RMSE","MPI-ESM-LR.MAE","MPI-ESM-LR.BIAS"
"JAUJA",0.821061757600873,33.3621811932895,22.5918273278607,7.85004919768046,0.846403964592666,30.8531298138592,21.2615329258204,7.8500470085144,0.825035913885679,32.9701144164476,22.0804175762065,7.85004450383563
"OYON",0.844078552955285,29.2996824680831,19.1843679202041,7.67459281633689,0.854339700132335,27.9267076072414,18.7963865951615,7.67459678391615,0.858399430696569,27.5699364535156,18.4649856691305,7.67459727625508
"PICOY",0.818171733018342,51.527833730028,33.4313836286198,31.9246955988992,0.824691428580802,49.586501472006,32.4757368136805,31.9246943180958,0.814749590031679,50.6446843244451,32.5878859345139,31.9246938487352
"MATUCANA",0.718052385687702,23.4192642036195,16.0651650776727,-1.08088279122325,0.749292730225321,20.6858325524441,14.3705762305242,-1.08088300557931,0.707977782783959,23.2459997274092,15.9568142593108,-1.08088262352856
"TARMA",0.684930639606753,24.2820022640204,16.8398213992207,9.40851771766362,0.721603854229351,21.5297435178244,16.0798753699697,9.40851709810893,0.68586874457504,23.3681938147525,17.2708505192116,9.40851561208474
"HUAYAO",0.829262943013144,32.1152769964726,21.8088383420012,5.82870139029308,0.852336926719925,28.3307471514605,19.6768004620691,5.82870086669922,0.825195756433014,30.330866689451,21.6962285790614,5.82870180785402
"PILCHACA",0.690485981082651,38.2896798198479,26.4418200270675,-15.3572768227865,0.682174230872319,38.302358999105,27.2284232973535,-15.3572768309911,0.686776806991462,37.9946134719502,26.2367449233443,-15.3572764534405
