"Estación","ACCESS1-0.r","ACCESS1-0.RMSE","ACCESS1-0.MAE","ACCESS1-0.BIAS","HadGEM2-ES.r","HadGEM2-ES.RMSE","HadGEM2-ES.MAE","HadGEM2-ES.BIAS","MPI-ESM-LR.r","MPI-ESM-LR.RMSE","MPI-ESM-LR.MAE","MPI-ESM-LR.BIAS"
"JAUJA",0.156089735941603,2.76368234131607,2.10089633111533,-0.416542786667243,0.173352762164632,2.80159550250807,2.13828039755488,-0.416761615217619,0.163108449219647,2.76124923819087,2.0985267078507,-0.416913853813374
"OYON",0.308424597811111,2.48292743782063,1.9661573928701,-0.545906740848055,0.298966874680035,2.52925099761674,1.99478101660166,-0.546049804705519,0.281626179564361,2.5543408905668,2.01199487208432,-0.546335881966096
"PICOY",0.224047613027778,2.48344835891325,1.94887985749203,-0.172247351885704,0.228772103684025,2.45706270911286,1.93081188036547,-0.172490267388201,0.203735234162416,2.55908861153935,2.00863480284368,-0.172909878446792
"MATUCANA",0.274031893698607,2.19498382866498,1.73612036215699,-0.278514968592997,0.289350501227603,2.12005218218421,1.68256762781829,-0.278605468124749,0.267857211810134,2.27799835084089,1.81755770552839,-0.279100460912688
"TARMA",NA,NA,NA,NA,NA,NA,NA,NA,NA,NA,NA,NA
"HUAYAO",0.142128771912404,2.77263968920128,2.17651638440007,-0.769694649889884,0.118541067806126,2.93997757926967,2.28778027983808,-0.769870239093212,0.141657112915157,2.77942791844035,2.19609812693794,-0.769954191347213
"PILCHACA",NA,NA,NA,NA,NA,NA,NA,NA,NA,NA,NA,NA
