"Estación","ACCESS1-0.r","ACCESS1-0.RMSE","ACCESS1-0.MAE","ACCESS1-0.BIAS","HadGEM2-ES.r","HadGEM2-ES.RMSE","HadGEM2-ES.MAE","HadGEM2-ES.BIAS","MPI-ESM-LR.r","MPI-ESM-LR.RMSE","MPI-ESM-LR.MAE","MPI-ESM-LR.BIAS"
"JAUJA",0.38549731129766,1.48445254966828,1.12406454129751,-0.418763065618581,0.399719951698533,1.60043348173239,1.18419927682272,-0.418785510552588,0.373823594904192,1.4894840786128,1.14548023736003,-0.418771041368253
"OYON",0.625990470329343,1.39078460283255,1.12227647314897,-0.543763507832227,0.619343723163179,1.39023849761404,1.07866338811765,-0.543767986074381,0.582471721046691,1.44706249383854,1.15200378373785,-0.54376846067588
"PICOY",0.528231135372798,1.21211836177258,0.969026351762429,-0.173137288104165,0.524330863747131,1.24600261566737,0.954685238262719,-0.173148579908449,0.493750476395521,1.27786503631557,0.996487179454054,-0.173145247052385
"MATUCANA",0.621771287416874,1.1329901269745,0.890165341523022,-0.279196003239789,0.59724871642908,1.18867955759842,0.917228999556797,-0.279208112683403,0.574092387094506,1.22572885980724,0.953473655407211,-0.279195855590523
"TARMA",NA,NA,NA,NA,NA,NA,NA,NA,NA,NA,NA,NA
"HUAYAO",0.377560975176296,1.57326155553294,1.23691478846333,-0.768755213550531,0.389356450055332,1.65846926899412,1.25471530487763,-0.768771869586051,0.346168636931374,1.59069132300786,1.2779158477642,-0.768776012351482
"PILCHACA",NA,NA,NA,NA,NA,NA,NA,NA,NA,NA,NA,NA
